sentence,label
suffers from a flat script and a low budget ,0
"features nonsensical and laughable plotting , wooden performances ",0
are telegraphed in the most blithe exchanges gives the film its lingering tug . ,0
you 're the kind of parent who enjoys intentionally introducing your kids to films which will cause loads of irreparable damage that years and years of costly analysis could never fix ,0
children and adults enamored of all things pokemon ,1
"is busy contriving false , sitcom-worthy solutions to their problems ",0
of a pregnant premise being wasted by a script that takes few chances and manages to insult the intelligence of everyone in the audience ,0
's a barely tolerable slog over well-trod ground . ,0
` how can you charge money for this ? ' ,0
"watching this gentle , mesmerizing portrait of a man coming to terms with time , you barely realize your mind is being blown . ",1
"zero thrills , too many flashbacks and a choppy ending make for a bad film ",0
"it is were it not for the striking , quietly vulnerable personality of ms. ambrose ",1
", but it otherwise drowns in a sea of visual and verbal clichés . ",0
in alcatraz ' ... a cinematic corpse that never springs to life ,0
of more self-absorbed women than the mother and daughters featured in this film ,0
viewers not amused by the sick sense of humor ,0
"in showing us well-thought stunts or a car chase that we have n't seen 10,000 times ",1
watching `` ending '' is too often like looking over the outdated clothes and plastic knickknacks at your neighbor 's garage sale . ,0
"for every articulate player , such as skateboarder tony hawk or bmx rider mat hoffman , are about a half dozen young turks angling to see how many times they can work the words `` radical '' or `` suck '' into a sentence . ",0
have absolutely no idea who the main characters are until the film is well under way -- and yet it 's hard to stop watching ,1
"would be great to see this turd squashed under a truck , preferably a semi . ",0
carry the film on his admittedly broad shoulders ,1
confessions is without a doubt a memorable directorial debut from king hunk . ,1
mishandle the story 's promising premise of a physician who needs to heal himself . ,0
"a work of extraordinary journalism , but it is also a work of deft and subtle poetry . ",1
while hollywood ending has its share of belly laughs ( including a knockout of a closing line ) ,1
"offbeat humor , amusing characters , and a happy ending ",1
"expands the horizons of boredom to the point of collapse , turning into a black hole of dullness , from which no interesting concept can escape . ",0
that the entire exercise has no real point ,0
that reek of a script rewrite designed to garner the film a `` cooler '' pg-13 rating ,0
"what enlivens this film , beyond the astute direction of cardoso and beautifully detailed performances by all of the actors , is a note of defiance over social dictates . ",1
"'m going to recommend secretary , based on the wonderful acting clinic put on by spader and gyllenhaal ",1
"( less a movie than ) an appalling , odoriferous thing ... so ",0
"engaging filmmaking that should attract upscale audiences hungry for quality and a nostalgic , twisty yarn that will keep them guessing ",1
"the pitch-perfect forster to the always hilarious meara and levy , like mike shoots and scores , doing its namesake proud ",1
"in its place a sweetness , clarity and emotional openness that recalls the classics of early italian neorealism ",1
be forgiven for frequently pandering to fans of the gross-out comedy ,0
"if the director , tom dey , had spliced together bits and pieces of midnight run and 48 hours ( and , for that matter , shrek ) ",0
", it stays in formula -- which is a waste of de niro , mcdormand and the other good actors in the cast ",0
in the reassuring manner of a beautifully sung holiday carol ,1
"the film boasts dry humor and jarring shocks , plus moments of breathtaking mystery . ",1
about a domestic unit finding their way to joy ,1
god is great addresses interesting matters of identity and heritage ,1
a visual style that incorporates rotoscope animation for no apparent reason except ,0
"michael moore has perfected the art of highly entertaining , self-aggrandizing , politically motivated documentary-making ",1
jiang wen 's devils on the doorstep is a wartime farce in the alternately comic and gut-wrenching style of joseph heller or kurt vonnegut . ,1
"but if the essence of magic is its make-believe promise of life that soars above the material realm , this is the opposite of a truly magical movie . ",0
"never rises above easy , cynical potshots at morally bankrupt characters ... ",0
the passions that sometimes fuel our best achievements and other times ,1
playing out like a feature-length sitcom replete with stereotypical familial quandaries ,0
"the sorriest and most sordid of human behavior on the screen , then ",0
", it 's one of the worst of the entire franchise . ",0
that first made audiences on both sides of the atlantic love him ,1
the slightly flawed ( and fairly unbelievable ) finale ,0
"if you love reading and/or poetry , then by all means check it out . ",1
"spielberg 's picture is smarter and subtler than ( total recall and blade runner ) , although its plot may prove too convoluted for fun-seeking summer audiences . ",1
made indieflick in need of some trims and a more chemistry between its stars ,0
"while nothing special , is pleasant , diverting and modest -- definitely a step in the right direction . ",1
"who willingly walk into the nightmare of war not only to record the events for posterity , but to help us ",1
"once again , director chris columbus takes a hat-in-hand approach to rowling that stifles creativity and allows the film to drag on for nearly three hours . ",0
"is rather the way it introduces you to new , fervently held ideas and fanciful thinkers ",1
are n't - kids-cute sentimentality by a warmth that is n't faked and a stately sense of composition ,1
the extensive use of stock footage quickly becomes a tiresome cliché ,0
is as consistently engaging as it is revealing ,1
"was produced by jerry bruckheimer and directed by joel schumacher , and reflects the worst of their shallow styles : wildly overproduced , inadequately motivated every step of the way and demographically targeted to please every one ( and no one ) . ",0
with the lazy material and the finished product 's unshapely look ,0
may take its sweet time to get wherever it 's going ,0
disappointed by a movie in a long time ,0
"that the director of such hollywood blockbusters as patriot games can still turn out a small , personal film with an emotional wallop ",1
watchable up until the point where the situations and the dialogue spin hopelessly out of control -- that is to say ,0
never quite goes where you expect and often surprises you with unexpected comedy ,1
"issue a moratorium , effective immediately , on treacly films about inspirational prep-school professors and the children they so heartwarmingly motivate . ",1
"the jokes are sophomoric , stereotypes are sprinkled everywhere and the acting ranges from bad to bodacious ",0
"this wretchedly unfunny wannabe comedy is inane and awful - no doubt , it 's the worst movie i 've seen this summer ",0
"slightly sunbaked and summery mind , sex and lucia ",1
always keeping the balance between the fantastic and the believable ,1
"a star , nor why he keeps being cast in action films when none of them are ever any good ",0
she boxes these women 's souls right open for us . ,1
wish it would have just gone more over-the-top instead of trying to have it both ways . ,0
"invigorating , surreal , and resonant with a rainbow of emotion ",1
turns me into that annoying specimen of humanity that i usually dread encountering the most ,0
manages to string together enough charming moments to work . ,1
"hugely imaginative and successful casting to its great credit , as well as one terrific score and attitude to spare ",1
"informative , intriguing , observant , often touching ",1
"even if you 're an agnostic carnivore , you can enjoy much of jonah simply , and gratefully , as laugh-out-loud lunacy with a pronounced monty pythonesque flavor . ",1
"a determined , ennui-hobbled slog that really does n't have much to say beyond the news flash that loneliness can make people act weird . ",0
-- an unpleasant debate that 's been given the drive of a narrative and that 's been acted out -- ,0
a film that are still looking for a common through-line ,0
"at some point , all this visual trickery stops being clever and devolves into flashy , vaguely silly overkill . ",0
"makes for perfectly acceptable , occasionally very enjoyable children 's entertainment ",1
he 's a better actor than a standup comedian . ,1
is like nothing we westerners have seen before . ,1
", pointless meditation on losers in a gone-to-seed hotel . ",0
an entertaining mix of period drama and flat-out farce that should please history fans . ,1
"rarely permitting its characters more than two obvious dimensions and repeatedly placing them in contrived , well-worn situations ",0
"love a disney pic with as little cleavage as this one has , ",1
is banal in its message and the choice of material ,0
"balance pointed , often incisive satire and unabashed sweetness , ",1
", the film is doing something of a public service -- shedding light on a group of extremely talented musicians who might otherwise go unnoticed and underappreciated by music fans . ",1
"the movie is loaded with good intentions , but in his zeal to squeeze the action and our emotions into the all-too-familiar dramatic arc of the holocaust escape story , minac drains his movie of all individuality ",0
"is much too conventional -- lots of boring talking heads , etc. -- to do the subject matter justice . ",0
"is reasonably entertaining , though it begins to drag two-thirds through , when the melodramatic aspects start to overtake the comedy . ",1
musty as one of the golden eagle 's carpets ,0
"one of the funniest motion pictures of the year , but ",1
"it 's about as convincing as any other arnie musclefest , but has a little too much resonance with real world events and ultimately comes off as insultingly simplistic . ",0
attempts to fuse at least three dull plots into one good one . ,0
a beer with but they 're simply not funny performers ,0
"let 's see , a haunted house , a haunted ship , what 's next ... ghost blimp ? ",0
saw the potential success inherent in the mixture of bullock bubble and hugh goo ,1
the thought of watching this film with an audience full of teenagers fixating on its body humor and reinforcement of stereotypes ( of which they 'll get plenty ) ,0
may be galled that you 've wasted nearly two hours of your own precious life with this silly little puddle of a movie . ,0
"for all the time we spend with these people , we never really get inside of them . ",0
"does n't understand that the idea of exploiting molestation for laughs is funny , not actually exploiting it yourself ",0
that even slightly wised-up kids would quickly change the channel ,0
the throes of their first full flush of testosterone ,1
impart a message without bludgeoning the audience over the head ,1
enjoy a couple of great actors hamming it up ,1
is that it 's a brazenly misguided project ,0
the director treats us to an aimless hodgepodge ,0
", empire still has enough moments to keep it entertaining . ",1
's probably not easy to make such a worthless film ,0
"it 's neither as sappy as big daddy nor as anarchic as happy gilmore or the waterboy , but it has its moments . ",1
"parochial , accessible to a chosen few , standoffish to everyone else , and smugly suggests a superior moral tone is more important than filmmaking skill ",0
has the chops of a smart-aleck film school brat and the imagination of a big kid ,1
going to make his debut as a film director ,1
to pass this stinker off as a scary movie ,0
"as exciting as all this exoticism might sound to the typical pax viewer , the rest of us will be lulled into a coma . ",0
the film with a creepy and dead-on performance ,1
"fuddled about motives and context , which drains it of the dramatic substance that would shake us in our boots ( or cinema seats ) ",0
"sodden and glum , even in those moments where it 's supposed to feel funny and light . ",0
squint to avoid noticing some truly egregious lip-non-synching ,0
actors you 're most likely to find on the next inevitable incarnation of the love boat ,0
has actually bothered to construct a real story this time ,1
the wounds of the tortured and self-conscious material ,0
"bears a grievous but obscure complaint against fathers , and circles it obsessively , without making contact ",0
represents an engaging and intimate first feature by a talented director ,1
"on courtroom movies , a few nifty twists that are so crucial to the genre and another first-rate performance by top-billed star bruce willis ",1
"putting together familiar themes of family , forgiveness and love in a new way ",1
"which is good news to anyone who 's fallen under the sweet , melancholy spell of this unique director 's previous films ",1
to the storytelling instincts of a slightly more literate filmgoing audience ,1
are every bit as distinctive as his visuals ,1
dickens ' words and writer-director douglas mcgrath 's even-toned direction ,1
one gets the feeling that the typical hollywood disregard for historical truth and realism is at work here ,0
format to make an old-fashioned nature film that educates viewers with words and pictures while entertaining them ,1
me want to pack raw dough in my ears ,0
who take as many drugs as the film 's characters ,0
's about as overbearing and over-the-top as the family ,0
"for engaging , imaginative filmmaking in its nearly 2 1/2 ",1
to what is almost certainly going to go down as the worst -- and only -- killer website movie of this or any other year ,0
every individual will see the movie through the prism of his or her own beliefs and prejudices ,1
"a beyond-lame satire , teddy bears ' picnic ranks among the most pitiful directing debuts by an esteemed writer-actor . ",0
"lovingly photographed in the manner of a golden book sprung to life , stuart little 2 manages sweetness largely without stickiness . ",1
becomes long and tedious like a classroom play in a college history course . ,0
"creates a portrait of two strong men in conflict , ",1
in the way the ivan character accepts the news of his illness so quickly but still finds himself unable to react ,0
"its hawaiian setting , the science-fiction trimmings and some moments of rowdy slapstick ",1
"evokes the frustration , the awkwardness and the euphoria of growing up ",1
"... a cheap , ludicrous attempt at serious horror . ",0
"swimming is above all about a young woman 's face , and by casting an actress whose face projects that woman 's doubts and yearnings , it succeeds . ",1
is such that the movie does not do them justice ,0
that turns me into that annoying specimen of humanity that i usually dread encountering the most ,0
"instead go rent `` shakes the clown '' , a much funnier film with a similar theme and an equally great robin williams performance ",0
deem it necessary to document all this emotional misery ,0
"a chilly , remote , emotionally distant piece ... so dull that its tagline should be : ",0
through a dreary tract of virtually plotless meanderings ,0
looking over the outdated clothes and plastic knickknacks at your neighbor 's garage sale ,0
the essence of what it is to be ya-ya ,1
"when it comes out on video , then it 's the perfect cure for insomnia . ",0
returning director rob minkoff ... and screenwriter bruce joel rubin ... have done a fine job of updating white 's dry wit to a new age . ,1
"these characters are so well established that the gang feels comfortable with taking insane liberties and doing the goofiest stuff out of left field , and ",1
"it might be ` easier ' to watch on video at home , but that should n't stop die-hard french film connoisseurs from going out and enjoying the big-screen experience . ",1
injects just enough freshness into the proceedings to provide an enjoyable 100 minutes in a movie theater . ,1
"rises above easy , cynical potshots at morally bankrupt characters ",1
if the movie knew what to do with him ,0
close enough in spirit to its freewheeling trash-cinema roots to be a breath of fresh air ,1
a low-key labor of love that strikes a very resonant chord ,1
"you can watch , giggle and get an adrenaline boost without feeling like you 've completely lowered your entertainment standards . ",1
"assembles a fascinating profile of a deeply humanistic artist who , in spite of all that he 's witnessed , remains surprisingly idealistic , and retains an extraordinary faith in the ability of images to communicate the truth of the world around him ",1
"we never truly come to care about the main characters and whether or not they 'll wind up together , ",0
", the attention process tends to do a little fleeing of its own . ",0
a reasonably entertaining sequel to 1994 's surprise family hit that may strain adult credibility . ,1
sci-fi drama that takes itself all too seriously . ,0
"it 's the type of film about growing up that we do n't see often enough these days : realistic , urgent , ",1
it is supremely unfunny and unentertaining to watch middle-age ,0
's just that it 's so not-at-all-good . ,0
fill this character study with poetic force and buoyant feeling ,1
"is a really cool bit -- the movie 's conception of a future-world holographic librarian ( orlando jones ) who knows everything and answers all questions , is visually smart , cleverly written , and nicely realized ",1
narrative filmmaking with a visually masterful work of quiet power ,1
"has none of the crackle of `` fatal attraction '' , `` 9 1/2 weeks '' , or even `` indecent proposal '' , and ",0
the problem is that the movie has no idea of it is serious or not . ,0
you 're likely wondering why you 've been watching all this strutting and posturing . ,0
"bread , my sweet has so many flaws it would be easy for critics to shred it . ",0
the filmmakers have made every effort to disguise it as an unimaginative screenwriter 's invention ,0
of those exceedingly rare films in which the talk alone is enough to keep us ,1
"the exploitative , clumsily staged violence overshadows everything , including most of the actors . ",1
"is , by itself , deserving of discussion ",1
"an astonishing voice cast ( excepting love hewitt ) , an interesting racial tension ",1
"is a brilliantly played , deeply unsettling experience . ",1
proves that not only blockbusters pollute the summer movie pool . ,0
the film is a very good viewing alternative for young women . ,1
"'s ) quite a bit of heart , as you would expect from the directors of the little mermaid and aladdin ",1
"feels from being dragged through a sad , sordid universe of guns , drugs , avarice and damaged dreams ",0
"like many western action films , this thriller is too loud and thoroughly overbearing , but its heartfelt concern about north korea 's recent past and south korea 's future adds a much needed moral weight ",0
"like a teenybopper ed wood film , replete with the pubescent scandalous innuendo and the high-strung but flaccid drama ",0
the more lascivious-minded might be disappointed in the relative modesty of a movie that sports a ` topless tutorial service ,0
"despite terrific special effects and funnier gags , harry potter and the chamber of secrets finds a way to make j.k. rowling 's marvelous series into a deadly bore . ",0
because you 're one of the lucky few who sought it out ,1
"a very slow , uneventful ride around a pretty tattered old carousel . ",0
"comes from its soul 's - eye view of how well-meaning patronizing masked a social injustice , at least as represented by this case ",1
this franchise has not spawned a single good film . ,0
there are enough high points to keep this from being a complete waste of time ,1
", you may be surprised at the variety of tones in spielberg 's work . ",1
", someone , stop eric schaeffer before he makes another film . ",0
an undistinguished attempt to make a classic theater piece ,0
"interview with the assassin is structured less as a documentary and more as a found relic , and as such the film has a difficult time shaking its blair witch project real-time roots ",0
to make enough into ` an inspiring tale of survival wrapped in the heart-pounding suspense of a stylish psychological thriller ' ,1
struck me as unusually and unimpressively fussy and pretentious . ,0
it 's the very definition of epic adventure . ,1
"love may have been in the air onscreen , but i certainly was n't feeling any of it . ",0
nothing about the film -- with the possible exception of elizabeth hurley 's breasts -- is authentic . ,0
great piece to watch with kids and use to introduce video as art ,1
with too little excitement and zero compelling storyline ,0
convincing as this bland blank of a man with unimaginable demons ,0
i also wanted a little alien as a friend ! ,1
african-americans because of its broad racial insensitivity towards african-americans ,0
vincent gallo is right at home in this french shocker playing his usual bad boy weirdo role . ,1
"is n't a disaster , exactly , but a very handsomely produced let-down ",0
relays its universal points without lectures or confrontations ,1
looks and plays like a $ 40 million version of a game you 're more likely to enjoy on a computer ,0
no cliche escapes the perfervid treatment of gang warfare called ces wild . ,0
"it may be a somewhat backhanded compliment to say that the film makes the viewer feel like the movie 's various victimized audience members after a while , but it also happens to be the movie 's most admirable quality ",1
"the town has kind of an authentic feel , but each one of these people stand out and everybody else is in the background and it just seems manufactured to me and artificial . ",0
a quiet family drama with a little bit of romance and a dose of darkness ,1
"is a decomposition of healthy eccentric inspiration and ambition -- wearing a cloak of unsentimental , straightforward text -- when it 's really an exercise in gross romanticization of the delusional personality type ",0
smarter and much funnier version of the old police academy flicks . ,1
"tom tykwer , director of the resonant and sense-spinning run lola run ",1
"it goes down easy , leaving virtually no aftertaste . ",1
in cinema history as the only movie ever in which the rest of the cast was outshined by ll cool j. ,0
remind one of a really solid woody allen film ,1
required viewing in university computer science departments for years to come ,1
becomes a fascinating study of isolation and frustration that successfully recreates both the physical setting and emotional tensions of the papin sisters ,1
"a smart , steamy mix of road movie , coming-of-age story and political satire . ",1
stoops to having characters drop their pants for laughs and not the last time ,0
"unfortunately all the story gives us is flashing red lights , a rattling noise , and a bump on the head ",0
"the margin that gives viewers a chance to learn , to grow , to travel ",1
ellen pompeo sitting next to you for the ride ,1
"proof once again that if the filmmakers just follow the books , they ca n't go wrong . ",1
create an engaging story that keeps you guessing at almost every turn ,1
"admire this film for its harsh objectivity and refusal to seek our tears , our sympathies . ",1
"find a movie with a bigger , fatter heart than barbershop ",1
"the masses with star power , a pop-induced score and sentimental moments ",1
wish it would have just gone more over-the-top instead of trying to have it both ways ,0
attal 's hang-ups surrounding infidelity are so old-fashioned ,0
the worst revenge-of-the-nerds clichés the filmmakers could dredge up ,0
hong kong action cinema is still alive and kicking ,1
"miyazaki 's nonstop images are so stunning , and ",1
the original was n't a good movie but ,0
been made by people to whom the idea of narrative logic or cohesion is an entirely foreign concept ,0
happens that tells you there is no sense . ,0
"it puts washington , as honest working man john q. archibald , on a pedestal , then keeps lifting the pedestal higher . ",1
"'s super - violent , super-serious and super-stupid . ",0
", the production works more often than it does n't . ",1
to be the best espionage picture to come out in weeks ,1
"brown sugar signals director rick famuyiwa 's emergence as an articulate , grown-up voice in african-american cinema . ",1
uses the last act to reel in the audience ,1
's a whole heap of nothing at the core of this slight coming-of-age/coming-out tale ,0
unaware that it 's the butt of its own joke ,0
's a perfect show of respect to just one of those underrated professionals who deserve but rarely receive it ,1
"it wo n't hold up over the long haul , ",0
"a sweet , honest , and enjoyable comedy-drama ",1
"reminds me of a vastly improved germanic version of my big fat greek wedding -- with better characters , some genuine quirkiness and at least a measure of style ",1
a grand tour through 300 hundred years of russian cultural identity and a stunning technical achievement ,1
"the movie 's major and most devastating flaw is its reliance on formula , though , ",0
"could be looking at his 12th oscar nomination by proving that he 's now , more than ever , choosing his roles with the precision of the insurance actuary ",1
"next week , why bother with a contemptible imitator starring a `` snl '' has-been acting like an 8-year-old channeling roberto benigni ? ",0
"'s the work of an artist , one whose view of america , history and the awkwardness of human life is generous and deep ",1
"brash young men set out to conquer the online world with laptops , cell phones and sketchy business plans ",1
"littered with zero-dimensional , unlikable characters and hackneyed , threadbare comic setups . ",0
audience members will leave feeling as shaken as nesbitt 's cooper looks when the bullets stop flying ,1
morphs into a mundane '70s disaster flick . ,0
pointing his camera through the smeared windshield of his rental car ,0
that we really have n't had a good cheesy b-movie playing in theaters since ... well ... since last week 's reign of fire ,0
"everything about the quiet american is good , except its timing . ",1
"entertaining from start to finish , featuring a fall from grace that still leaves shockwaves ",1
work as a jaunt down memory lane for teens and young adults who grew up on televised scooby-doo shows or reruns ,1
"attal 's hang-ups surrounding infidelity are so old-fashioned and , dare i say , outdated , it 's a wonder that he could n't have brought something fresher to the proceedings simply by accident ",0
stays close to the ground in a spare and simple manner and ,1
to affirm love 's power to help people endure almost unimaginable horror ,1
"in dazzling panoramic shots that make the most of the large-screen format , before swooping down on a string of exotic locales , scooping the whole world up in a joyous communal festival of rhythm ",1
cliched dialogue and perverse escapism a source of high hilarity ,0
just too silly and sophomoric to ensnare its target audience . ,0
"tedious it makes the silly spy vs. spy film the sum of all fears , starring ben affleck , seem downright hitchcockian ",0
the good girl is a film in which the talent is undeniable but the results are underwhelming . ,0
"the tears come during that final , beautiful scene ",1
"a look for its true-to-life characters , its sensitive acting , its unadorned view of rural life and the subtle direction of first-timer hilary birmingham ",1
", you feel alive - which is what they did ",1
"star trek was kind of terrific once , but now it is a copy of a copy of a copy . ",0
"tells this very compelling tale with little fuss or noise , expertly plucking tension from quiet ",1
"leave you wanting more , not to mention leaving you with some laughs and a smile on your face ",1
"the leaping story line , shaped by director peter kosminsky into sharp slivers and cutting impressions ",1
"i found it slow , predictable and not very amusing . ",0
makes it interesting as a character study is the fact that the story is told from paul 's perspective ,1
"you 're not merely watching history , you 're engulfed by it . ",1
"your 20th outing shows off a lot of stamina and vitality , and get this ",1
"is one of those crass , contrived sequels that not only fails on its own , but makes you second-guess your affection for the original ",0
"if this sappy script was the best the contest received , those rejected must have been astronomically bad ",0
"a creepy , intermittently powerful study of a self-destructive man ... about as unsettling to watch as an exploratory medical procedure or an autopsy . ",1
"this cinema verite speculation on the assassination of john f. kennedy may have been inspired by blair witch , ",0
is an unpleasantly shallow and immature character with whom to spend 110 claustrophobic minutes . ,0
the story and ensuing complications are too manipulative ,0
is a fudged opportunity of gigantic proportions -- a lunar mission with no signs of life ,0
his way to turn the legendary wit 's classic mistaken identity farce into brutally labored and unfunny hokum ,0
"fewer deliberate laughs , more inadvertent ones and stunningly trite songs ",0
possess the lack-of-attention span that we did at seventeen ,0
begins on a high note and sustains it beautifully . ,1
"well-directed and , for all its moodiness , ",1
"the hype , the celebrity , the high life , the conspiracies and the mystery ",1
"your interest , your imagination , your empathy ",1
"is we never really see her esther blossom as an actress , even though her talent is supposed to be growing . ",0
"are tops , with the two leads delivering oscar-caliber performances . ",1
his flick-knife diction in the role of roger swanson ,1
that 's because panic room is interested in nothing more than sucking you in ... and making you sweat . ,1
"while tattoo borrows heavily from both seven and the silence of the lambs , it manages to maintain both a level of sophisticated intrigue and human-scale characters that suck the audience in . ",1
a fairly harmless but ultimately lifeless feature-length afterschool special . ,0
"in a big corner office in hell , satan is throwing up his hands in surrender , is firing his r&d people , and has decided he will just screen the master of disguise 24/7 . ",0
cranked out on an assembly line to see if stupid americans will get a kick out of goofy brits with cute accents performing ages-old slapstick and unfunny tricks ,0
to an impressive and highly entertaining celebration of its sounds ,1
the pleasures that it does afford may be enough to keep many moviegoers ,1
become just another situation romance about a couple of saps stuck in an inarticulate screenplay ,0
almodovar is an imaginative teacher of emotional intelligence in this engaging film about two men who discover what william james once called ` the gift of tears . ' ,1
is they have a tendency to slip into hokum . ,0
a perfectly pleasant if slightly pokey comedy . ,1
completely awful iranian drama ... as much fun as a grouchy ayatollah in a cold mosque . ,0
"supposedly , pokemon ca n't be killed , but pokemon 4ever practically assures that the pocket monster movie franchise is nearly ready to keel over ",0
"o fantasma is boldly , confidently orchestrated , aesthetically and sexually , ",1
drawn into the exotic world of belly dancing ,1
"aloof and lacks any real raw emotion , which is fatal for a film that relies on personal relationships . ",0
"of failed jokes , twitchy acting , and general boorishness ",0
is that van wilder does little that is actually funny with the material . ,0
"would be great to see this turd squashed under a truck , preferably a semi ",0
"of the filmmakers who have directed him , especially the coen brothers and steven soderbergh ",1
have put together a bold biographical fantasia . ,1
captures the combustible mixture of a chafing inner loneliness and desperate grandiosity that tend to characterize puberty ,1
fest that 'll put hairs on your chest . ,1
"reminds us that , in any language , the huge stuff in life can usually be traced back to the little things . ",1
if the man from elysian fields is doomed by its smallness ,1
the transporter bombards the viewer with so many explosions and side snap kicks that it ends up being surprisingly dull ,0
the problem with all of this : it 's not really funny . ,0
"at times a bit melodramatic and even a little dated ( depending upon where you live ) , ignorant fairies is still quite good-natured and not a bad way to spend an hour or two . ",1
"you 'll be wistful for the testosterone-charged wizardry of jerry bruckheimer productions , especially because half past dead is like the rock on a wal-mart budget . ",0
excellent performances from jacqueline bisset and martha plimpton ,1
we find ourselves surprised at how much we care about the story ,1
"an even more predictable , cliche-ridden endeavor than its predecessor . ",0
does such a good job of it that family fundamentals gets you riled up ,1
"comes along only occasionally , one so unconventional , gutsy and perfectly ",1
"a fresh-faced , big-hearted and frequently funny thrill ",1
with the crisp clarity of a fall dawn ,1
"could have been crisper and punchier , but it 's likely to please audiences who like movies that demand four hankies ",1
is a compelling piece that demonstrates just how well children can be trained to live out and carry on their parents ' anguish ,1
"some of the visual flourishes are a little too obvious , but restrained and subtle storytelling , and fine performances make this delicate coming-of-age tale a treat . ",1
it 's goofy ( if not entirely wholesome ) fun ,1
as terrible as the synergistic impulse that created it ,0
what it would be like to be smack in the middle of a war zone armed with nothing but a camera ,1
marked by acute writing and a host of splendid performances . ,1
their idol 's energy and passion for detail ,1
to quibble with a flick boasting this many genuine cackles ,1
that a movie as artificial and soulless as the country bears owes its genesis to an animatronic display at disneyland ,0
possibilities which imbue the theme with added depth and resonance ,1
"is were it not for the striking , quietly vulnerable personality of ms. ambrose ",1
"tries too hard to be funny in a way that 's too loud , too goofy and too short of an attention span ",0
might just be the movie you 're looking for ,1
carries a little too much ai n't - she-cute baggage into her lead role as a troubled and determined homicide cop to quite pull off the heavy stuff ,0
conrad l. hall 's cinematography will likely be nominated for an oscar next year ,1
about the plight of american indians in modern america ,1
that perfectly captures the wonders and worries of childhood ,1
stitched together from stock situations and characters from other movies ,0
allows his cast members to make creative contributions to the story and dialogue . ,1
a matter of finding entertainment in the experiences of zishe and the fiery presence of hanussen ,1
"in more abundant supply in this woefully hackneyed movie , directed by scott kalvert , about street gangs and turf wars in 1958 brooklyn -- stale cliches , gratuitous violence , or empty machismo ",0
"finish , like a wet burlap sack of gloom ",0
"the real star of this movie is the score , as in the songs translate well to film ",1
"of `` his girl friday , '' maintaining a light touch while tackling serious themes ",1
"must be given to the water-camera operating team of don king , sonny miller , and michael stewart . ",0
making `` die another day '' one of the most entertaining bonds in years ,1
jackie chan movies are a guilty pleasure - ,1
"you 'll forget about it by monday , though , and ",0
"several cliched movie structures : the road movie , the coming-of-age movie , ",0
"klein , charming in comedies like american pie and dead-on in election , ",1
"sets animation back 30 years , musicals back 40 years and judaism back at least 50 . ",0
"is far-flung , illogical , and plain stupid ",0
the worthy successor to a better tomorrow and ,1
be burns 's strongest film since the brothers mcmullen ,1
are neither original nor are presented in convincing way ,0
"it 's at once laughable and compulsively watchable , in its committed dumbness . ",1
appears miserable throughout as he swaggers through his scenes ,0
articulates the tangled feelings of particular new yorkers deeply touched by an unprecedented tragedy . ,1
would make an excellent companion piece to the similarly themed ` the french lieutenant 's woman . ' ,1
"laugh-out-loud lines , adorably ditsy but heartfelt performances , and sparkling , ",1
"it follows the blair witch formula for an hour , in which we 're told something creepy and vague is in the works , and then it goes awry in the final 30 minutes . ",0
"considering that baird is a former film editor , the movie is rather choppy . ",0
in a fairly irresistible package full of privileged moments and memorable performances ,1
too long to turn his movie in an unexpected direction ,1
"an amateurish , quasi-improvised acting exercise shot on ugly digital video . ",0
're far better served by the source material ,0
is that they 're stuck with a script that prevents them from firing on all cylinders ,0
the action quickly sinks into by-the-numbers territory . ,0
"ballistic : ecks vs. sever also features terrible , banal dialogue ; convenient , hole-ridden plotting ; superficial characters and a rather dull , unimaginative car chase . ",0
"weaver and lapaglia are both excellent , in the kind of low-key way that allows us to forget that they are actually movie folk . ",1
a good-natured ensemble comedy that tries hard to make the most of a bumper ,1
", straining to get by on humor that is not even as daring as john ritter 's glory days on three 's company . ",0
a recycled and dumbed-down version of love story ,0
do well to cram earplugs in their ears ,0
"a bizarre piece of work , with premise and dialogue at the level of kids ' television and plot threads as morose as teen pregnancy , rape and suspected murder ",0
breathes extraordinary life into the private existence of the inuit people ,1
"not easily and , in the end , not well enough ",0
"while the film is competent , it 's also uninspired , lacking the real talent and wit to elevate it beyond its formula to the level of classic romantic comedy to which it aspires . ",0
"that is n't this painfully forced , false and fabricated ",0
a feel-good movie that does n't give you enough to feel good about . ,0
"if divine secrets of the ya-ya sisterhood suffers from a ploddingly melodramatic structure , it comes to life in the performances . ",0
showcases tom hanks as a depression era hit-man in this dark tale of revenge . ,1
"enjoyably dumb , sweet , and intermittently hilarious -- if you 've a taste for the quirky , steal a glimpse . ",1
"ensues when brash young men set out to conquer the online world with laptops , cell phones and sketchy business plans ",0
"has some of the funniest jokes of any movie this year , ",1
slip into the modern rut of narrative banality ,0
"more than anything else , kissing jessica stein injects freshness and spirit into the romantic comedy genre , which has been held hostage by generic scripts that seek to remake sleepless in seattle again and again . ",1
an imaginative filmmaker who can see the forest for the trees ,1
because ( the leads ) are such a companionable couple ,1
"the people who live in them , who have carved their own comfortable niche in the world and have been kind enough to share it ",1
scarcely worth a mention apart from reporting on the number of tumbleweeds blowing through the empty theaters ,0
"of romance , dancing , singing , and unforgettable characters ",1
views youthful affluence not as a lost ideal but a starting point . ,1
can cross swords with the best of them and helm a more traditionally plotted popcorn thriller while surrendering little of his intellectual rigor or creative composure ,1
will leave you wondering about the characters ' lives after the clever credits roll ,1
capability to soothe and break your heart with a single stroke ,1
"this sensitive , smart , savvy , compelling coming-of-age drama delves into the passive-aggressive psychology of co-dependence and the struggle for self-esteem . ",1
ozpetek 's effort has the scope and shape of an especially well-executed television movie . ,1
engaging despite being noticeably derivative of goodfellas and at least a half dozen other trouble-in-the-ghetto flicks ,1
"by an astonishing voice cast ( excepting love hewitt ) , an interesting racial tension , and a storyline ",1
it 's just plain lurid when it is n't downright silly . ,0
"is like sitting in a downtown café , overhearing a bunch of typical late-twenty-somethings natter on about nothing , and desperately wishing you could change tables . ",0
so believable that you feel what they feel ,1
that it 's not clear whether we 're supposed to shriek ,0
", a movie comes along to remind us of how very bad a motion picture can truly be . ",0
", those rejected must have been astronomically bad ",0
"acting , but ultimately a movie with no reason for being . ",0
"have been saved if the director , tom dey , had spliced together bits and pieces of midnight run and 48 hours ( and , for that matter , shrek ) ",0
"it 's sanctimonious , self-righteous and so eager to earn our love that you want to slap it ",0
an eye on preserving a sense of mystery ,1
world traveler gave me no reason to care ,0
to pump life into overworked elements from eastwood 's dirty harry period ,0
", it makes me wonder if lawrence hates criticism so much that he refuses to evaluate his own work . ",0
"this is surely one of the most frantic , virulent and foul-natured christmas season pics ever delivered by a hollywood studio . ",0
"a vivid , thoughtful , unapologetically raw coming-of-age tale full of sex , drugs and rock 'n' roll . ",1
kids ( of all ages ) that like adventure ,1
... gives his best screen performance with an oddly winning portrayal of one of life 's ultimate losers . ,1
start reading your scripts before signing that dotted line . ,0
"offer audiences any way of gripping what its point is , or even its attitude toward its subject ",0
"are so unmemorable , despite several attempts at lengthy dialogue scenes , ",0
sweet-and-sour insider movie that film buffs will eat up like so much gelati ,1
the casting of raymond j. barry as the ` assassin ' greatly enhances the quality of neil burger 's impressive fake documentary . ,1
"` if you are in the mood for an intelligent weepy , it can easily worm its way into your heart . ' ",1
"directed with purpose and finesse by england 's roger mitchell , who handily makes the move from pleasing , relatively lightweight commercial fare such as notting hill to commercial fare with real thematic heft . ",1
"to create characters who are sweet and believable , and are defeated by a screenplay that forces them into bizarre , implausible behavior ",0
lets the movie dawdle in classic disaffected-indie-film mode ,0
"while somewhat less than it might have been , the film is a good one , ",1
to provoke introspection in both its characters and its audience ,1
"serves as a paper skeleton for some very good acting , dialogue , ",1
is more engaging than the usual fantasies hollywood produces . ,1
"in other words , about as bad a film you 're likely to see all year . ",0
"in asia , where ms. shu is an institution ",1
"it 's an effort to watch this movie , but it eventually pays off and is effective if you stick with it ",1
"a powerful , inflammatory film about religion that dares to question an ancient faith , and about hatred that offers no easy , comfortable resolution . ",1
outtakes in which most of the characters forget their lines ,0
that rare movie that works on any number of levels -- ,1
is beautiful filmmaking from one of french cinema 's master craftsmen . ,1
as long as you 're wearing the somewhat cumbersome 3d goggles ,0
no quarter to anyone seeking to pull a cohesive story out of its 2 1/2 ,0
"the script covers huge , heavy topics in a bland , surfacey way that does n't offer any insight into why , for instance , good things happen to bad people . ",0
are too immature and unappealing to care about . ,0
"potty-mouthed enough for pg-13 , yet not as hilariously raunchy as south park , this strangely schizo cartoon seems suited neither to kids or adults . ",0
airs just about every cliche in the war movie compendium across its indulgent two-hour-and-fifteen-minute length ,0
", they show a remarkable ability to document both sides of this emotional car-wreck . ",1
"the first tunisian film i have ever seen , and it 's also probably the most good-hearted yet sensual entertainment i 'm likely to see all year ",1
"standing by yourself is haunting ... ( it 's ) what punk rock music used to be , and what the video medium could use more of : spirit , perception , conviction . ",1
"where tom green stages his gags as assaults on america 's knee-jerk moral sanctimony , jackass lacks aspirations of social upheaval . ",0
is bright and flashy in all the right ways ,1
there are moments of hilarity to be had . ,1
"each story is built on a potentially interesting idea , ",1
if the film is well-crafted and this one is ,1
proves once again that he 's the best brush in the business ,1
"broomfield 's style of journalism is hardly journalism at all , and ",0
"there 's no real sense of suspense , and none of the plot ` surprises ' are really surprising ",0
"'s still tainted by cliches , painful improbability and murky points ",0
"good actors have a radar for juicy roles -- there 's a plethora of characters in this picture , and not one of them is flat . ",1
us to remember that life 's ultimately a gamble and last orders are to be embraced ,1
hugh grant 's act is so consuming that sometimes it 's difficult to tell who the other actors in the movie are . ,1
"may be captivated , as i was , by its moods , and by its subtly transformed star , and still wonder why paul thomas anderson ever had the inclination to make the most sincere and artful movie in which adam sandler will probably ever appear . ",1
"is a gentle film with dramatic punch , a haunting ode to humanity . ",1
( t ) oo many of these gross out scenes ... ,0
"is n't this painfully forced , false and fabricated ",0
's so sloppily written and cast that you can not believe anyone more central to the creation of bugsy than the caterer ,0
all the pleasure of a handsome and well-made entertainment ,1
"as played by ryan gosling , danny is a frighteningly fascinating contradiction . ",1
like a soft drink that 's been sitting open too long : it 's too much syrup and not enough fizz . ,0
"one of those films where the characters inhabit that special annex of hell where adults behave like kids , children behave like adults and everyone screams at the top of their lungs no matter what the situation . ",0
"well , it probably wo n't have you swinging from the trees hooting it 's praises ",0
light nor magical enough to bring off this kind of whimsy ,0
tosses around some intriguing questions about the difference between human and android life ,1
"no amount of arty theorizing -- the special effects are ` german-expressionist , ' according to the press notes -- can render it anything but laughable . ",0
as if everyone making it lost their movie mojo ,0
in the best possible senses of both those words ,1
an impenetrable and insufferable ball of pseudo-philosophic twaddle ,0
"a coming-of-age story and cautionary parable , but also a perfectly rendered period piece ",1
that would make it the darling of many a kids-and-family-oriented cable channel ,1
is an elegantly balanced movie -- every member of the ensemble has something fascinating to do -- that does n't reveal even a hint of artifice . ,1
neither light nor magical enough to bring off this kind of whimsy ,0
may be burns 's strongest film since the brothers mcmullen . ,1
are rich veins of funny stuff in this movie ,1
"there 's not a spark of new inspiration in it , just more of the same , done with noticeably less energy and imagination . ",0
been done before but never so vividly or with so much passion ,1
to make the most sincere and artful movie in which adam sandler will probably ever appear ,1
"just utter ` uhhh , ' which is better than most of the writing in the movie ",0
a plodding teen remake that 's so mechanical you can smell the grease on the plot ,0
"is a non-stop funny feast of warmth , color and cringe ",1
what 's best about drumline is its energy ,1
"victim to sloppy plotting , an insultingly unbelievable final act and ",0
... puts enough salt into the wounds of the tortured and self-conscious material to make it sting . ,0
"an old-fashioned scary movie , one that relies on lingering terror punctuated by sudden shocks and not constant bloodshed punctuated by flying guts . ",1
"no more racist portraits of indians , for instance ) ",0
makes you care about music you may not have heard before ,1
is by far the worst movie of the year . ,0
"if you liked the previous movies in the series , you 'll have a good time with this one too ",1
i 'm not sure which will take longer to heal : the welt on johnny knoxville 's stomach from a riot-control projectile or my own tortured psyche . ,0
's a film that affirms the nourishing aspects of love and companionship ,1
"a chilly , remote , emotionally distant piece ",0
destined to fill the after-school slot at shopping mall theaters across the country . ,1
rohmer still has a sense of his audience ,1
one of the very best movies ever made about the life of moviemaking . ,1
puts enough salt into the wounds of the tortured and self-conscious material to make it sting ,0
both exude an air of dignity that 's perfect for the proud warrior that still lingers in the souls of these characters . ,1
a powerful and deeply moving example of melodramatic moviemaking ,1
"a smart , nuanced look at de sade and ",1
a beautiful paean to a time long past . ,1
what results is the best performance from either in years ,1
"the premise of `` abandon '' holds promise , ",1
we never really get inside of them . ,0
that a movie can be as intelligent as this one is in every regard except its storyline ,0
charly comes off as emotionally manipulative and sadly imitative of innumerable past love story derisions . ,0
the glamorous machine that thrusts the audience into a future they wo n't much care about ,0
"wickedly funny , visually engrossing , never boring , ",1
"a different and emotionally reserved type of survival story -- a film less about refracting all of world war ii through the specific conditions of one man , and more about that man ",1
what gives human nature its unique feel is kaufman 's script ,1
out there surrender $ 9 and 93 minutes of unrecoverable life ,0
"a tremendous , offbeat sense of style and humor ",1
"seems embarrassed by his own invention and tries to rush through the intermediary passages , apparently hoping that the audience will not notice the glaring triteness of the plot device ",0
"but for the most part , the weight of water comes off as a two-way time-switching myopic mystery that stalls in its lackluster gear of emotional blandness . ",0
", the recording sessions are intriguing , and -- on the way to striking a blow for artistic integrity -- this quality band may pick up new admirers . ",1
been perfect for an old `` twilight zone '' episode ,1
"a hugely rewarding experience that 's every bit as enlightening , insightful and entertaining as grant 's two best films -- ",1
is so earnest that it 's hard to resist his pleas to spare wildlife and respect their environs ,1
what a bewilderingly brilliant and entertaining movie this is . ,1
"felt ; not the craven of ' a nightmare on elm street ' or ` the hills have eyes , ' but the sad schlock merchant of ` deadly friend ",0
"for those for whom the name woody allen was once a guarantee of something fresh , sometimes funny , and usually genuinely worthwhile , hollywood ending is a depressing experience ",0
does n't always jell with sean penn 's monotone narration ,0
"they are believable as people -- flawed , assured of the wrong things , and scared to admit how much they may really need the company of others ",1
as grand as the lord of the rings ,1
sleep or bewildered by the artsy and often pointless visuals ,0
an intense and effective film about loneliness and the chilly anonymity of the environments where so many of us spend so much of our time . ,1
one of the best of a growing strain of daring films ... ,1
a fourth-rate jim carrey who does n't understand the difference between dumb fun and just plain dumb ,0
that is an undeniably worthy and devastating experience ,1
that it 's hard to resist his pleas to spare wildlife and respect their environs ,1
vulgar dialogue and a plot that crawls along at a snail 's pace ,0
"this is a very ambitious project for a fairly inexperienced filmmaker , but ",1
if frailty will turn bill paxton into an a-list director ,1
"the story is predictable , the jokes are typical sandler fare , and ",0
"a fantastically vital movie that manages to invest real humor , sensuality , and sympathy into a story about two adolescent boys . ",1
"as the princess , sorvino glides gracefully from male persona to female without missing a beat . ",1
shows how deeply felt emotions can draw people together across the walls that might otherwise separate them . ,1
"to note that this film , like the similarly ill-timed antitrust , is easily as bad at a fraction the budget ",0
"the plot of the comeback curlers is n't very interesting actually , but what i like about men with brooms and what is kind of special is how the film knows what 's unique and quirky about canadians ",1
one of the best inside-show-biz yarns ever . ,1
is a copy of a copy of a copy ,0
impossible to claim that it is `` based on a true story '' with a straight face ,0
just a kiss is a just a waste . ,0
"thanks to the actors ' perfect comic timing and sweet , genuine chemistry ",1
when the screenwriter responsible for one of the worst movies of one year directs an equally miserable film the following year ,0
this u-boat does n't have a captain . ,0
as his outstanding performance as bond in die ,1
"dickens ' wonderfully sprawling soap opera , the better ",1
its surreal sense of humor and technological finish ,1
"unfunny comedy with a lot of static set ups , not much camera movement , and most of the scenes take place indoors in formal settings with motionless characters . ",0
"will indie filmmakers subject us to boring , self-important stories of how horrible we are to ourselves and each other ",0
"the writer-director of this little $ 1.8 million charmer , which may not be cutting-edge indie filmmaking ",0
"a confusing melange of tones and styles , ",0
"a deft , delightful mix of sulky teen drama and overcoming-obstacles sports-movie triumph ",1
's to this film 's ( and its makers ' ) credit that we believe that that 's exactly what these two people need to find each other -- and themselves ,1
starts off as a satisfying kids flck becomes increasingly implausible as it races through contrived plot points ,0
a cold-hearted curmudgeon for not being able to enjoy a mindless action movie ,0
to avoid being recognized as the man who bilked unsuspecting moviegoers ,0
"all in all , a great party . ",1
"coppola , along with his sister , sofia , is a real filmmaker ",1
a beguiling evocation of the quality that keeps dickens evergreen : the exuberant openness with which he expresses our most basic emotions . ,1
"it 's sweet and fluffy at the time , ",1
director charles stone iii applies more detail to the film 's music than to the story line ,0
"hard as this may be to believe , here on earth , a surprisingly similar teen drama , was a better film . ",0
commercialism all in the same movie ... without neglecting character development for even one minute ,1
"khouri manages , with terrific flair , to keep the extremes of screwball farce and blood-curdling family intensity on one continuum . ",1
you will have completely forgotten the movie by the time you get back to your car in the parking lot . ,0
"never decides whether it wants to be a black comedy , drama , melodrama or some combination of the three . ",0
that kind of impact on me these days ,1
the fluid motion is astounding on any number of levels ,1
there is only so much baked cardboard i need to chew . ,0
one big blustery movie where nothing really happens . ,0
"bang your head on the seat in front of you , at its cluelessness , at its idiocy , ",0
a children 's party clown gets violently gang-raped ,0
be more timely in its despairing vision of corruption ,0
that it 's a crime movie made by someone who obviously knows nothing about crime ,0
"is he has no character , loveable or otherwise ",0
"blue crush , a late-summer surfer girl entry , should be as entertaining as it is ",1
did they deem it necessary to document all this emotional misery ,0
"strikes back ... a majestic achievement , an epic of astonishing grandeur and surprising emotional depth ",1
'd much rather watch teens poking their genitals into fruit pies ,0
there 's none of the happily-ever - after spangle of monsoon wedding in late marriage -- and that 's part of what makes dover kosashvili 's outstanding feature debut so potent ,1
has delivered a solidly entertaining and moving family drama ,1
every cliche in the war movie compendium across its indulgent two-hour-and-fifteen-minute length ,0
"turn a larky chase movie into an emotionally satisfying exploration of the very human need to be somebody , and to belong to somebody . ",1
first-time director joão pedro rodrigues ' unwillingness to define his hero 's background or motivations becomes more and more frustrating as the film goes on . ,0
the pianist like a surgeon mends a broken heart ; very meticulously but without any passion ,0
solaris '' is a shapeless inconsequential move relying on the viewer to do most of the work . ,0
"strictly speaking , schneider is no steve martin ",0
", eileen walsh , an engaging , wide-eyed actress whose teeth are a little too big for her mouth , infuses the movie with much of its slender , glinting charm . ",1
"a sexy , peculiar and always entertaining costume drama set in renaissance spain , and the fact that it 's based on true events somehow makes it all the more compelling . ",1
"it is exactly what it wants to be : an atrociously , mind-numbingly , indescribably bad movie ",0
have to admit i walked out of runteldat . ,0
"it 's an entertaining movie , and the effects , boosted to the size of a downtown hotel , will all but take you to outer space . ",1
win a wide summer audience through word-of-mouth reviews ,1
"picked not for their acting chops , but for their looks ",0
steals the show without resorting to camp as nicholas ' wounded and wounding uncle ralph . ,1
an awkwardly garish showcase that diverges from anything ,0
"a full experience , a love story and a murder mystery that expands into a meditation on the deep deceptions of innocence ",1
sends you away a believer again and quite cheered at just that . ,1
"although the film boils down to a lightweight story about matchmaking , the characters make italian for beginners worth the journey ",1
some futile concoction that was developed hastily after oedekerk ,0
the immersive powers of the giant screen and its hyper-realistic images are put to perfect use in the breathtakingly beautiful outer-space documentary space station 3d . ,1
"the film comes off winningly , even though it 's never as solid as you want it to be ",1
well-written television series where you 've missed the first half-dozen episodes and probably wo n't see the next six . ,0
are never more than sketches ... which leaves any true emotional connection or identification frustratingly out of reach ,0
"people sit and stare and turn away from one another instead of talking and it 's all about the silences and if you 're into that , have at it ",0
a sugar-coated rocky whose valuable messages are forgotten 10 minutes after the last trombone ,0
"this odd , poetic road movie , spiked by jolts of pop music , pretty much takes place in morton 's ever-watchful gaze -- and it 's a tribute to the actress , and to her inventive director , that the journey is such a mesmerizing one ",1
"it 's not like having a real film of nijinsky , ",0
"a depraved , incoherent , instantly disposable piece of hackery . ",0
"with `` ichi the killer '' , takashi miike , japan 's wildest filmmaker gives us a crime fighter carrying more emotional baggage than batman ... ",0
're going to subjugate truth to the tear-jerking demands of soap opera ,0
` the country bears ' should never have been brought out of hibernation . ,0
after you laugh once ( maybe twice ) ,0
"the direction occasionally rises to the level of marginal competence , but for most of the film it is hard to tell who is chasing who or why . ",0
"the powerful success of read my lips with such provocative material shows why , after only three films , director/co-writer jacques audiard , though little known in this country , belongs in the very top rank of french filmmakers . ",1
ca n't get no satisfaction without the latter ,0
that the artist 's work may take on a striking new significance for anyone who sees the film ,1
", the picture feels as if everyone making it lost their movie mojo . ",0
"through a sad , sordid universe of guns , drugs , avarice and damaged dreams ",0
"the acting is amateurish , the cinematography is atrocious , ",0
"of cat-and-mouse , three-dimensional characters and believable performances ",1
it the darling of many a kids-and-family-oriented cable channel ,1
with nothing but a savage garden music video on his resume ,0
have a whale of a good time . ,1
"a headline-fresh thriller set among orthodox jews on the west bank , joseph cedar 's time of favor manages not only to find a compelling dramatic means of addressing a complex situation , it does so without compromising that complexity . ",1
take on a great writer and dubious human being ,1
"dwells on crossing-over mumbo jumbo , manipulative sentimentality , and sappy dialogue ",0
"this would have been better than the fiction it has concocted , and ",0
"it has the air of a surprisingly juvenile lark , a pop-influenced prank whose charms are immediately apparent and wear thin with repetition . ",0
give a spark to `` chasing amy '' and `` changing lanes '' falls flat as thinking man cia agent jack ryan in this summer 's new action film ,0
that ` alabama ' manages to be pleasant in spite of its predictability ,1
"is clever and funny , is amused by its special effects ",1
that successfully recreates both the physical setting and emotional tensions of the papin sisters ,1
elevates the material above pat inspirational status and gives it a sturdiness and solidity that we 've long associated with washington the actor . ,1
a movie that ca n't get sufficient distance from leroy 's delusions to escape their maudlin influence . ,0
the ability of the human spirit to overcome adversity ,1
"you can fire a torpedo through some of clancy 's holes , and the scripters do n't deserve any oscars . ",0
dog-paddle in the mediocre end of the pool ,0
the script was reportedly rewritten a dozen times ,0
"... a gleefully grungy , hilariously wicked black comedy ... ",1
can only assume that the jury who bestowed star hoffman 's brother gordy with the waldo salt screenwriting award at 2002 's sundance festival were honoring an attempt to do something different over actually pulling it off ,0
", it 's still a rollicking good time for the most part ",1
here 's yet another cool crime movie that actually manages to bring something new into the mix . ,1
"if there was any doubt that peter o'fallon did n't have an original bone in his body , a rumor of angels should dispel it . ",0
recommended as an engrossing story about a horrifying historical event and the elements which contributed to it . ,1
one of those exceedingly rare films in which the talk alone is enough to keep us involved . ,1
offering next to little insight into its intriguing subject ,0
"make the film more silly than scary , like some sort of martha stewart decorating program run amok ",0
"a strong and confident work which works so well for the first 89 minutes , but ends so horrendously confusing ",0
"it might have held my attention , but ",0
film that leaves you scratching your head in amazement over the fact that so many talented people could participate in such an ill-advised and poorly ,0
is an odd but ultimately satisfying blend of the sophomoric and the sublime ,1
"plumbs uncharted depths of stupidity , incoherence and sub-sophomoric sexual banter ",0
is one of those rare docs that paints a grand picture of an era and makes the journey feel like a party ,1
"to the actress , and to her inventive director ",1
offers a thoughtful and rewarding glimpse into the sort of heartache everyone ,1
is a variant of the nincompoop benigni persona ,0
authentic account of a historical event that 's far too tragic to merit such superficial treatment ,0
has a bloated plot that stretches the running time about 10 minutes ,0
"cassavetes thinks he 's making dog day afternoon with a cause , but all he 's done is to reduce everything he touches to a shrill , didactic cartoon ",0
in an entirely irony-free zone and bale reduced mainly to batting his sensitive eyelids ,0
to see what all the fuss is about ,1
the kind of entertainment that parents love to have their kids see . ,1
of advocacy cinema that carries you along in a torrent of emotion as it explores the awful complications of one terrifying day ,1
made me realize that we really have n't had a good cheesy b-movie playing in theaters since ... well ... since last week 's reign of fire ,0
"for its logical loopholes , which fly by so fast there 's no time to think about them anyway ",0
"this indie flick never found its audience , probably because it 's extremely hard to relate to any of the characters . ",0
it 's the worst movie i 've seen this summer ,0
brings to the fore for the gifted but no-nonsense human beings they are and for the still-inestimable contribution they have made to our shared history ,1
it allows the mind to enter and accept another world ,1
"the precious trappings of most romantic comedies , infusing into the story ",1
"stereotypes in good fun , while adding a bit of heart and unsettling subject matter . ",1
is an enjoyable big movie primarily because australia is a weirdly beautiful place ,1
sex in the movies look like cheap hysterics ,0
of this and that -- whatever fills time -- with no unified whole ,0
an interesting look behind the scenes of chicago-based rock group wilco ... ,1
directions and descends into such message-mongering moralism that its good qualities are obscured . ,0
to emerge from the traffic jam of holiday movies ,1
"for the future , one hopes mr. plympton will find room for one more member of his little band , a professional screenwriter . ",0
it 's the funniest american comedy since graffiti bridge . ,1
"although estela bravo 's documentary is cloyingly hagiographic in its portrait of cuban leader fidel castro , it 's still a guilty pleasure to watch . ",1
as it provides a fresh view of an old type ,1
"an energetic , violent movie with a momentum that never lets up ",1
debut effort by `` project greenlight '' winner ,1
had released the outtakes theatrically and used the film as a bonus feature on the dvd ,1
this cartoon adventure is that wind-in-the-hair exhilarating . ,1
", its hard to imagine having more fun watching a documentary ... ",1
's the funniest american comedy since graffiti bridge . ,1
"is ) the comedy equivalent of saddam hussein , and ",0
like you were n't invited to the party ,0
by taylor 's cartoonish performance and the film 's ill-considered notion ,0
could n't someone take rob schneider and have him switch bodies with a funny person ? ,0
the most irresponsible picture ever released by a major film studio . ,0
the people who loved the 1989 paradiso will prefer this new version ,1
it almost loses what made you love it ,0
"the story and the more contemporary , naturalistic tone ",1
fails to keep it up and settles into clichés ,0
too bad kramer could n't make a guest appearance to liven things up . ,0
"barely shocking , barely interesting and most of all , barely ",0
"sunk by way too much indulgence of scene-chewing , teeth-gnashing actorliness . ",0
"one of the best films i have ever seen , constantly pulling the rug from underneath us , seeing things from new sides , plunging deeper , getting more intense . ",1
like a surgeon mends a broken heart ; very meticulously but without any passion ,0
making ararat far more demanding than it needs to be ,0
manipulative and as bland as wonder bread dipped in milk ,0
gussied up with so many distracting special effects and visual party tricks that it 's not clear whether we 're supposed to shriek ,0
for that comes through all too painfully in the execution ,0
"watching queen of the damned is like reading a research paper , with special effects tossed in . ",0
starts out ballsy and stylish but fails to keep it up and settles into clichés . ,0
schneidermeister ... makin ' a fool of himself ... losin ' his fan base ,0
"captures the way young japanese live now , chafing against their culture 's manic mix of millennial brusqueness and undying , traditional politesse ",1
attack of the clones is a technological exercise that lacks juice and delight ,0
feel like time fillers between surf shots . ,0
"a superlative b movie -- funny , sexy , and rousing . ",1
that will probably sink the film for anyone who does n't think about percentages all day long ,0
"'s a film that 's destined to win a wide summer audience through word-of-mouth reviews and , not far down the line , to find a place among the studio 's animated classics ",1
"and for many of us , that 's good enough . ",1
... `` bowling for columbine '' remains a disquieting and thought-provoking film ... ,1
"schaeffer 's film never settles into the light-footed enchantment the material needs , ",0
three sides of his story with a sensitivity and an inquisitiveness reminiscent of truffaut ,1
than seeing an otherwise good movie marred beyond redemption by a disastrous ending ,0
", this is the most visually unappealing . ",0
nothing more than the latest schwarzenegger or stallone ,0
the animated sequences are well done and perfectly constructed to convey a sense of childhood imagination and creating adventure out of angst ,1
"as ledger attempts , in vain , to prove that movie-star intensity can overcome bad hair design ",0
there 's already been too many of these films ... ,0
"girls , who learns that believing in something does matter ",1
"whether it 's the worst movie of 2002 , i ca n't say for sure : memories of rollerball have faded , and i skipped country bears ",0
a puppy dog so desperate for attention it nearly breaks its little neck trying to perform entertaining tricks . ,0
"is nicholson 's goofy , heartfelt , mesmerizing king lear . ",1
"we , today , can prevent its tragic waste of life ",0
to make an old-fashioned nature film that educates viewers with words and pictures while entertaining them ,1
the first film in a long time that made me want to bolt the theater in the first 10 minutes ,0
would n't make trouble every day any better . ,0
"he does n't unveil it until the end , after endless scenes of him wheedling reluctant witnesses and pointing his camera through the smeared windshield of his rental car ",1
made the original men in black such a pleasure ,1
naqoyqatsi ' is banal in its message and the choice of material to convey it . ,0
as a nifty plot line in steven soderbergh 's traffic fails to arrive at any satisfying destination ,0
that made the full monty a smashing success ... but neglects to add the magic that made it all work ,0
"ourside the theater roger might be intolerable company , but inside it he 's well worth spending some time with . ",1
stirring experience that finds warmth in the coldest environment and makes each crumb of emotional comfort ,1
"really is a pan-american movie , with moments of genuine insight into the urban heart . ",1
"you might to resist , if you 've got a place in your heart for smokey robinson ",1
if you can push on through the slow spots ,0
burns ' fifth beer-soaked film feels in almost every possible way -- from the writing and direction to the soggy performances -- tossed off . ,0
'll probably be the best and most mature comedy of the 2002 summer season speaks more of the season than the picture ,1
's undeniable enjoyment to be had from films crammed with movie references ,1
"leblanc thought , `` hey , the movie about the baseball-playing monkey was worse . '' ",0
"mostly plays it straight , turning leys ' fable into a listless climb down the social ladder . ",0
a generic international version of a typical american horror film ,0
is enough to save oleander 's uninspired story . ,0
peter o'fallon did n't have an original bone in his body ,0
does not proclaim the truth about two love-struck somebodies ,0
looked like as a low-budget series on a uhf channel ,0
familiar -- and not in a good way ,0
a good idea that was followed by the bad idea to turn it into a movie ,0
"the screenplay , co-written by director imogen kimmel , lacks the wit necessary to fully exploit the comic elements of the premise , making the proceedings more bizarre than actually amusing . ",0
is difficult to connect with on any deeper level ,0
the movie around them is so often nearly nothing that their charm does n't do a load of good ,0
", you 'll wait in vain for a movie to happen . ",0
shows its indie tatters and self-conscious seams in places ,0
"love a disney pic with as little cleavage as this one has , and a heroine as feisty and principled as jane ",1
"fresh and raw like a blown-out vein , narc takes a walking-dead , cop-flick subgenre and beats new life into it . ",1
rotten in almost every single facet of production that you 'll want to crawl up your own *** in embarrassment . ,0
"an exceptionally acted , quietly affecting cop drama . ",1
"by pretentious , untalented artistes who enjoy moaning about their cruel fate ",0
"though it goes further than both , anyone who has seen the hunger or cat people will find little new here , but a tasty performance from vincent gallo lifts this tale of cannibal lust above the ordinary . ",1
such a dependable concept was botched in execution ,0
"lan yu is a genuine love story , full of traditional layers of awakening and ripening and separation and recovery . ",1
", another gross-out college comedy -- ugh . ",0
", queen of the damned is a pointless , meandering celebration of the goth-vampire , tortured woe-is-me lifestyle . ",0
boasts eye-catching art direction but has a forcefully quirky tone that quickly wears out its limited welcome . ,0
this overproduced piece of dreck is shockingly bad and absolutely unnecessary . ,0
"that you never want to see another car chase , explosion or gunfight again ",0
boyd 's screenplay ( co-written with guardian hack nick davies ) has a florid turn of phrase that owes more to guy ritchie than the bard of avon . ,0
that 's apparently just what ( aniston ) has always needed to grow into a movie career ,1
is little else to recommend `` never again . ,0
"acquires an undeniable entertainment value as the slight , pale mr. broomfield continues to force himself on people and into situations that would make lesser men run for cover . ",1
"holes punched through by an inconsistent , meandering , and sometimes dry plot ",0
"gets under your skin and , some plot blips ",0
"should n't have been allowed to use the word `` new '' in its title , because there 's not an original character , siuation or joke in the entire movie ",0
makes it worth the trip to the theater ,1
"is to reduce everything he touches to a shrill , didactic cartoon ",0
it 's a visual rorschach test and i must have failed ,0
"while the path may be familiar , first-time director denzel washington and a top-notch cast manage to keep things interesting . ",1
"'s as rude and profane as ever , always hilarious and , most of the time , absolutely right ",1
're convinced that this mean machine was a decent tv outing that just does n't have big screen magic . ,0
as if we 're seeing something purer than the real thing ,1
"the characters are based on stock clichés , ",0
never comes close to being either funny or scary ,0
it explores the awful complications of one terrifying day ,1
fashioning an engrossing entertainment out of an almost sure-fire prescription for a critical and commercial disaster ,1
comes through all too painfully in the execution ,0
"worthless , from its pseudo-rock-video opening to the idiocy of its last frames ",0
"the film does n't have enough innovation or pizazz to attract teenagers , and it lacks the novel charm that made spy kids a surprising winner with both adults and younger audiences ",0
"contrived and exploitative for the art houses and too cynical , small and decadent for the malls . ",0
seems to have ransacked every old world war ii movie for overly familiar material ,0
"felt work about impossible , irrevocable choices and the price of making them . ",0
"the cinematography is cloudy , the picture making becalmed . ",0
had to escape from director mark romanek 's self-conscious scrutiny ,0
begins like a docu-drama but builds its multi-character story with a flourish . ,1
"if this sappy script was the best the contest received , those rejected must have been astronomically bad . ",0
have been conjured up only 10 minutes prior to filming ,0
wo n't fly with most intelligent viewers . ,0
"are complex and quirky , but entirely believable ",1
"you have some idea of the glum , numb experience of watching o fantasma ",0
survive its tonal transformation from dark comedy to suspense thriller ,1
"a memorable experience that , like many of his works , presents weighty issues colorfully wrapped up in his own idiosyncratic strain of kitschy goodwill . ",1
"bigelow handles the nuclear crisis sequences evenly but milks drama when she should be building suspense , and drags out too many scenes toward the end that should move quickly . ",0
blandly go where we went 8 movies ago ,0
allows the characters to inhabit their world without cleaving to a narrative arc ,1
"the film 's strength is n't in its details , but in the larger picture it paints - of a culture in conflict with itself , with the thin veneer of nationalism that covers our deepest , media-soaked fears . ",1
"to win a wide summer audience through word-of-mouth reviews and , ",1
"director marcus adams just copies from various sources -- good sources , bad mixture ",0
"is that its dying , in this shower of black-and-white psychedelia , is quite beautiful . ",1
likes of which mainstream audiences have rarely seen ,1
and adults will at least have a dream image of the west to savor whenever the film 's lamer instincts are in the saddle . ,0
"there are n't many conclusive answers in the film , but there is an interesting story of pointed personalities , courage , tragedy and the little guys vs. the big guys ",1
", i found myself strangely moved by even the corniest and most hackneyed contrivances . ",1
"scotland looks wonderful , the fans are often funny fanatics , ",1
... something appears to have been lost in the translation this time ,0
the pantheon of the best of the swashbucklers ,1
being the barn-burningly bad movie it promised it would be ,0
"this is a nicely handled affair , a film about human darkness but etched with a light ( yet unsentimental ) touch . ",1
'll keep you wide awake and ... very tense ,1
much of what we see is horrible but it 's also undeniably exceedingly clever ,1
see this unique and entertaining twist on the classic whale 's tale ,1
"should shame americans , regardless of whether or not ultimate blame ",0
will remind them that hong kong action cinema is still alive and kicking . ,1
that the pocket monster movie franchise is nearly ready to keel over ,0
"what madonna does here ca n't properly be called acting -- more accurately , it 's moving and it 's talking and it 's occasionally gesturing , sometimes all at once . ",0
"ice age wo n't drop your jaw , ",0
schneidermeister ... makin ' a fool of himself ... losin ' his fan base ... ,0
"stanley kwan has directed not only one of the best gay love stories ever made , but one of the best love stories of any stripe . ",1
"an inept , tedious spoof of '70s kung fu pictures ",0
help chicago make the transition from stage to screen with considerable appeal intact ,1
"a bracing , unblinking work that serves as a painful elegy and sobering cautionary tale . ",1
audiences on both sides of the atlantic love him ,1
's work as well as a remarkably faithful one ,1
you wo n't feel cheated by the high infidelity of unfaithful . ,1
a heartening tale of small victories and enduring ,1
", with the director taking a hands-off approach when he should have shaped the story to show us why it 's compelling . ",0
intrepid in exploring an attraction that crosses sexual identity ,1
only thing to fear about `` fear dot com '' ,0
far from heaven is a dazzling conceptual feat ,1
is that it 's a crime movie made by someone who obviously knows nothing about crime ,0
a dashing and absorbing outing with one of france 's most inventive directors ,1
quickly enters the pantheon of wreckage that includes battlefield earth and showgirls ,0
", they prove more distressing than suspenseful . ",0
but it 's hard to imagine a more generic effort in the genre . ,0
"is a likable story , told with competence . ",1
there are n't many conclusive answers in the film ,0
"gives this aging series a much needed kick , making `` die another day '' one of the most entertaining bonds in years ",1
"for those of us who respond more strongly to storytelling than computer-generated effects , the new star wars installment has n't escaped the rut dug by the last one . ",0
"in such a straightforward , emotionally honest manner that by the end ",1
"is to say that it does n't follow the stale , standard , connect-the-dots storyline which has become commonplace in movies that explore the seamy underbelly of the criminal world ",1
"reign of fire never comes close to recovering from its demented premise , ",0
"plays like a badly edited , 91-minute trailer ( and ) the director ca n't seem to get a coherent rhythm going ",0
"is throwing up his hands in surrender , ",0
"energy and geniality to please not only the fanatical adherents on either side , but also people who know nothing about the subject and think they 're not interested . ",1
", the film works as well as it does because of the performances . ",1
"an admirable reconstruction of terrible events , and ",1
"donovan ... squanders his main asset , jackie chan , and fumbles the vital action sequences . ",0
'll be thinking of 51 ways to leave this loser ,0
"'s a wise and powerful tale of race and culture forcefully told , with superb performances throughout ",1
"conjure proper respect for followers of the whole dead-undead genre , who deserve more from a vampire pic than a few shrieky special effects ",0
should please fans of chris fuhrman 's posthumously published cult novel ,1
decided lack of spontaneity in its execution and a dearth of real poignancy in its epiphanies ,0
another arnold vehicle that fails to make adequate use of his particular talents . ,0
form an acting bond that makes the banger sisters a fascinating character study with laughs to spare ,1
collapses when mr. taylor tries to shift the tone to a thriller 's rush . ,0
"a tapestry woven of romance , dancing , singing , and unforgettable characters ",1
"could have easily become a cold , calculated exercise in postmodern pastiche winds up a powerful and deeply moving example of melodramatic moviemaking . ",1
"sweet gentle jesus , did the screenwriters just do a cut-and-paste of every bad action-movie line in history ? ",0
"avoids all the comic possibilities of its situation , and becomes one more dumb high school comedy about sex gags and prom dates ",0
if you believe that the shocking conclusion is too much of a plunge or ,0
pleasant enough -- and oozing with attractive men ,1
thought out encounter than the original could ever have hoped to be ,1
"the performances are amiable and committed , and the comedy more often than not hits the bullseye . ",1
"in all the annals of the movies , few films have been this odd , inexplicable and unpleasant . ",0
time of favor could have given audiences the time of day by concentrating on the elements of a revealing alienation among a culture of people who sadly are at hostile odds with one another through recklessness and retaliation . ,0
naomi watts is terrific as rachel ; her petite frame and vulnerable persona emphasising her plight and isolation ,1
"one of the best films of the year with its exquisite acting , inventive screenplay , mesmerizing music , and many inimitable scenes of tenderness , loss , discontent , and yearning . ",1
find yourself rooting for gai 's character to avoid the fate that has befallen every other carmen before her ,1
"capable of charming the masses with star power , a pop-induced score and sentimental moments that have become a spielberg trademark ",1
the film is also imbued with strong themes of familial ties and spirituality that are powerful and moving without stooping to base melodrama ,1
"try to create characters out of the obvious cliches , but wind up using them as punching bags ",0
"bears more than a whiff of exploitation , despite iwai 's vaunted empathy ",0
"brilliantly written and well-acted , yellow asphalt is an uncompromising film . ",1
would have a hard time sitting through this one . ,0
"if the plot seems a bit on the skinny side , that 's because panic room is interested in nothing more than sucking you in ... and making you sweat . ",1
"come by once in a while with flawless amounts of acting , direction , story and pace ",1
look american angst in the eye and end up laughing ,1
( the film 's ) taste for `` shock humor '' will wear thin on all but those weaned on the comedy of tom green and the farrelly brothers . ,0
in the way they help increase an average student 's self-esteem ,1
is one of the rarest kinds of films : a family-oriented non-disney film that is actually funny without hitting below the belt . ,1
"though intrepid in exploring an attraction that crosses sexual identity , ozpetek falls short in showing us antonia 's true emotions ... ",1
for `` shock humor '' will wear thin on all ,0
translation : ` we do n't need to try very hard . ' ,0
"that it 's left a few crucial things out , like character development and coherence ",0
a movie that takes such a speedy swan dive from `` promising '' ,0
"accept the characters and the film , flaws and all ",1
", norton has to recite bland police procedural details , fiennes wanders around in an attempt to seem weird and distanced , ",0
one experiences mr. haneke 's own sadistic tendencies toward his audience ,0
does n't work because there is no foundation for it ,0
"know it would n't exist without the precedent of yiddish theater , whose jolly , fun-for-fun 's - sake communal spirit goes to the essence of broadway ",1
so slick and watered-down it almost loses what made you love it ,0
( the film 's ) taste for `` shock humor '' will wear thin on all but ,0
another useless recycling of a brutal mid - '70s american sports movie . ,0
"a frustrating ` tweener ' -- too slick , ",0
set in newfoundland that cleverly captures the dry wit that 's so prevalent on the rock . ,1
"will no doubt rally to its cause , trotting out threadbare standbys like ` masterpiece ' and ` triumph ' and all that malarkey , but rarely ",0
it 's supposed to feel funny and light ,0
", then you 'll enjoy the hot chick . ",1
that may make you hate yourself for giving in ,0
to do a little fleeing of its own ,0
time out is existential drama without any of the pretension associated with the term . ,1
"is not show-stoppingly hilarious , but scathingly witty nonetheless ",1
stripped of most of his budget and all of his sense of humor ,0
we do n't even like their characters . ,0
"although it tries to be much more , it 's really just another major league . ",0
ryan gosling ( murder by numbers ) delivers a magnetic performance . ,1
"if you ever wondered what it would be like to be smack in the middle of a war zone armed with nothing but a camera , this oscar-nominated documentary takes you there . ",1
which also is n't embarrassed to make you reach for the tissues ,1
... an enjoyably frothy ` date movie ' ... ,1
"'s sharply comic and surprisingly touching , so hold the gong ",1
"whereas oliver stone 's conspiracy thriller jfk was long , intricate , star-studded and visually flashy , interview with the assassin draws its considerable power from simplicity . ",1
denied her own athleticism by lighting that emphasizes every line and sag ,0
"the woodman seems to have directly influenced this girl-meets-girl love story , but even more reassuring is how its makers actually seem to understand what made allen 's romantic comedies so pertinent and enduring ",1
convey a strong sense of the girls ' environment . ,1
"the jokes are sophomoric , stereotypes are sprinkled everywhere and the acting ranges from bad to bodacious . ",0
"even if you do n't understand what on earth is going on , this is a movie that will stimulate hours of post viewing discussion , if only to be reminded of who did what to whom and why . ",1
"has elements of romance , tragedy and even silent-movie comedy ",1
", the improbable `` formula 51 '' is somewhat entertaining ",1
"'s also uninspired , lacking the real talent and wit to elevate it beyond its formula to the level of classic romantic comedy to which it aspires . ",0
"simultaneously heart-breaking and very funny , the last kiss is really all about performances . ",1
"like a mere excuse for the wan , thinly sketched story ",0
could possibly be more contemptuous of the single female population . ,1
"like a giant commercial for universal studios , where much of the action takes place ",0
"that should shame americans , regardless of whether or not ultimate blame ",0
of the most high-concept sci fi adventures attempted for the screen ,1
", davis ' highly personal brand of romantic comedy is a tart , smart breath of fresh air ",1
"from others in its genre in that it is does not rely on dumb gags , anatomical humor , or character cliches ",1
"as an emotionally accessible , almost mystical work ",1
told with sharp ears and eyes for the tenor of the times ,1
is fabulously funny and over the top as a ` very sneaky ' butler who excels in the art of impossible disappearing/reappearing acts ,1
make you think twice about what might be going on inside each trailer park you drive past -- even if it chiefly inspires you to drive a little faster ,1
", eight legged freaks is prime escapist fare . ",1
it feels less like bad cinema than like being stuck in a dark pit having a nightmare about bad cinema ,0
so vividly that the artist 's work may take on a striking new significance for anyone who sees the film ,1
too bad maggio could n't come up with a better script . ,0
"it 's weird , wonderful , and not necessarily for kids . ",1
pleasure to have a film like the hours as an alternative ,1
"'s a treat -- a delightful , witty , improbable romantic comedy with a zippy jazzy score ",1
about one in three gags in white 's intermittently wise script hits its mark ; the rest are padding unashamedly appropriated from the teen-exploitation playbook ,0
"feels as immediate as the latest news footage from gaza and , because of its heightened , well-shaped dramas , twice as powerful ",1
"captures , in luminous interviews and amazingly evocative film from three decades ago , the essence of the dogtown experience ",1
